Match,Number of epochs,Learning rate,Node features,Dropout rate,Patience,Hidden dimension,Precision,Recall,F1 Score,Accuracy,AUROC
2-1,100,0.0005,10,0.3,15,64,0.9004535675048828,0.966559886932373,0.9323363900184631,0.8960705995559692,0.830588698387146
2-1,100,0.0005,10,0.3,15,32,0.9210026860237122,0.9320948123931885,0.926515519618988,0.8904707431793213,0.8518035411834717
2-1,100,0.0005,10,0.3,15,16,0.914976179599762,0.9361947178840637,0.925463855266571,0.8882877826690674,0.8437839150428772
