Match,Number of epochs,Learning rate,Node features,Dropout rate,Patience,Hidden dimension,Precision,Recall,F1 Score,Accuracy,AUROC
3-4,200,0.0005,10,0.3,20,32,0.8869863152503967,0.9119718074798584,0.8993055820465088,0.9382540583610535,0.9308079481124878
3-4,250,0.0005,10,0.3,20,16,0.8738532066345215,0.8943662047386169,0.8839907050132751,0.9290276765823364,0.9192075133323669
3-4,250,0.0005,10,0.5,20,32,0.921646773815155,0.81455397605896,0.8647975325584412,0.9229950308799744,0.8922719359397888
3-4,250,0.0005,10,0.2,20,32,0.8978622555732727,0.8873239159584045,0.8925619721412659,0.9354152083396912,0.9217901229858398
3-4,200,0.0005,10,0.3,20,32,0.9236453175544739,0.8802816867828369,0.901442289352417,0.9418026804924011,0.9243727922439575
